id,label
img_000003.jpg,Sad
img_000007.jpg,Angry
img_000009.jpg,Angry
img_000011.jpg,Angry
img_000013.jpg,Angry
img_000014.jpg,Angry
img_000016.jpg,Angry
img_000019.jpg,Angry
img_000020.jpg,Happy
img_000021.jpg,Angry
img_000023.jpg,Happy
img_000027.jpg,Angry
img_000033.jpg,Happy
img_000034.jpg,Angry
img_000041.jpg,Sad
img_000042.jpg,Angry
img_000045.jpg,Sad
img_000047.jpg,Angry
img_000049.jpg,Angry
img_000050.jpg,Angry
img_000053.jpg,Happy
img_000054.jpg,Angry
img_000055.jpg,Angry
img_000056.jpg,Happy
img_000061.jpg,Sad
img_000062.jpg,Angry
img_000065.jpg,Happy
img_000066.jpg,Angry
img_000068.jpg,Happy
img_000072.jpg,Angry
img_000076.jpg,Angry
img_000080.jpg,Angry
img_000081.jpg,Angry
img_000082.jpg,Angry
img_000087.jpg,Angry
img_000089.jpg,Sad
img_000091.jpg,Angry
img_000093.jpg,Happy
img_000095.jpg,Sad
img_000096.jpg,Angry
img_000100.jpg,Sad
img_000103.jpg,Happy
img_000104.jpg,Angry
img_000106.jpg,Angry
img_000107.jpg,Happy
img_000117.jpg,Sad
img_000118.jpg,Angry
img_000121.jpg,Happy
img_000123.jpg,Angry
img_000126.jpg,Angry
img_000127.jpg,Happy
img_000129.jpg,Angry
img_000130.jpg,Angry
img_000133.jpg,Sad
img_000134.jpg,Angry
img_000136.jpg,Sad
img_000138.jpg,Sad
img_000139.jpg,Angry
img_000141.jpg,Sad
img_000142.jpg,Angry
img_000143.jpg,Angry
img_000144.jpg,Angry
img_000145.jpg,Angry
img_000151.jpg,Angry
img_000152.jpg,Sad
img_000155.jpg,Angry
img_000164.jpg,Angry
img_000166.jpg,Happy
img_000170.jpg,Angry
img_000171.jpg,Angry
img_000172.jpg,Happy
img_000174.jpg,Angry
img_000175.jpg,Sad
img_000176.jpg,Sad
img_000177.jpg,Happy
img_000179.jpg,Angry
img_000184.jpg,Sad
img_000186.jpg,Sad
img_000190.jpg,Sad
img_000196.jpg,Angry
img_000199.jpg,Angry
img_000202.jpg,Angry
img_000203.jpg,Happy
img_000204.jpg,Angry
img_000207.jpg,Angry
img_000210.jpg,Angry
img_000213.jpg,Angry
img_000216.jpg,Happy
img_000218.jpg,Angry
img_000221.jpg,Angry
img_000222.jpg,Angry
img_000225.jpg,Angry
img_000232.jpg,Sad
img_000235.jpg,Angry
img_000236.jpg,Sad
img_000239.jpg,Sad
img_000242.jpg,Angry
img_000244.jpg,Angry
img_000245.jpg,Happy
img_000250.jpg,Happy
img_000251.jpg,Happy
img_000252.jpg,Sad
img_000255.jpg,Angry
img_000259.jpg,Sad
img_000263.jpg,Angry
img_000264.jpg,Sad
img_000267.jpg,Happy
img_000268.jpg,Happy
img_000271.jpg,Happy
img_000274.jpg,Angry
img_000275.jpg,Angry
img_000277.jpg,Happy
img_000278.jpg,Happy
img_000282.jpg,Happy
img_000284.jpg,Happy
img_000285.jpg,Happy
img_000286.jpg,Angry
img_000287.jpg,Sad
img_000293.jpg,Angry
img_000295.jpg,Sad
img_000296.jpg,Angry
img_000297.jpg,Angry
img_000298.jpg,Happy
img_000302.jpg,Sad
img_000303.jpg,Happy
img_000307.jpg,Happy
img_000308.jpg,Happy
img_000310.jpg,Sad
img_000319.jpg,Happy
img_000321.jpg,Angry
img_000322.jpg,Happy
img_000333.jpg,Happy
img_000342.jpg,Sad
img_000343.jpg,Happy
img_000344.jpg,Happy
img_000346.jpg,Happy
img_000348.jpg,Sad
img_000350.jpg,Happy
img_000351.jpg,Happy
img_000352.jpg,Sad
img_000356.jpg,Sad
img_000357.jpg,Happy
img_000358.jpg,Sad
img_000362.jpg,Happy
img_000370.jpg,Angry
img_000371.jpg,Angry
img_000373.jpg,Happy
img_000380.jpg,Sad
img_000382.jpg,Angry
img_000385.jpg,Sad
img_000387.jpg,Happy
img_000390.jpg,Happy
img_000391.jpg,Happy
img_000392.jpg,Sad
img_000395.jpg,Happy
img_000396.jpg,Angry
img_000397.jpg,Sad
img_000398.jpg,Happy
img_000399.jpg,Angry
img_000403.jpg,Sad
img_000404.jpg,Sad
img_000405.jpg,Happy
img_000408.jpg,Happy
img_000411.jpg,Happy
img_000416.jpg,Happy
img_000417.jpg,Sad
img_000418.jpg,Angry
img_000424.jpg,Sad
img_000428.jpg,Happy
img_000432.jpg,Happy
img_000433.jpg,Angry
img_000435.jpg,Angry
img_000437.jpg,Happy
img_000438.jpg,Angry
img_000439.jpg,Angry
img_000440.jpg,Sad
img_000441.jpg,Sad
img_000444.jpg,Sad
img_000445.jpg,Happy
img_000451.jpg,Sad
img_000453.jpg,Happy
img_000456.jpg,Angry
img_000460.jpg,Sad
img_000462.jpg,Sad
img_000463.jpg,Happy
img_000464.jpg,Sad
img_000466.jpg,Happy
img_000467.jpg,Happy
img_000469.jpg,Happy
img_000477.jpg,Angry
img_000478.jpg,Angry
img_000479.jpg,Sad
img_000481.jpg,Happy
img_000483.jpg,Happy
img_000486.jpg,Angry
img_000489.jpg,Happy
img_000493.jpg,Sad
img_000497.jpg,Happy
img_000498.jpg,Happy
img_000500.jpg,Sad
img_000505.jpg,Happy
img_000510.jpg,Sad
img_000511.jpg,Sad
img_000512.jpg,Angry
img_000514.jpg,Sad
img_000515.jpg,Sad
img_000518.jpg,Happy
img_000524.jpg,Sad
img_000525.jpg,Happy
img_000527.jpg,Happy
img_000528.jpg,Happy
img_000533.jpg,Sad
img_000534.jpg,Happy
img_000535.jpg,Happy
img_000536.jpg,Happy
img_000538.jpg,Sad
img_000540.jpg,Angry
img_000544.jpg,Angry
img_000545.jpg,Angry
img_000550.jpg,Sad
img_000558.jpg,Angry
img_000564.jpg,Happy
img_000566.jpg,Sad
img_000571.jpg,Angry
img_000573.jpg,Happy
img_000578.jpg,Angry
img_000580.jpg,Angry
img_000581.jpg,Happy
img_000587.jpg,Sad
img_000589.jpg,Happy
img_000590.jpg,Sad
img_000592.jpg,Sad
img_000596.jpg,Happy
img_000597.jpg,Sad
img_000598.jpg,Sad
img_000599.jpg,Happy
img_000601.jpg,Sad
img_000605.jpg,Sad
img_000611.jpg,Sad
img_000612.jpg,Happy
img_000614.jpg,Happy
img_000615.jpg,Angry
img_000619.jpg,Angry
img_000621.jpg,Sad
img_000622.jpg,Sad
img_000625.jpg,Happy
img_000628.jpg,Angry
img_000629.jpg,Sad
img_000630.jpg,Sad
img_000631.jpg,Sad
img_000633.jpg,Angry
img_000634.jpg,Sad
img_000636.jpg,Sad
img_000637.jpg,Angry
img_000638.jpg,Angry
img_000642.jpg,Happy
img_000643.jpg,Sad
img_000644.jpg,Sad
img_000649.jpg,Sad
img_000653.jpg,Sad
img_000655.jpg,Angry
img_000660.jpg,Happy
img_000663.jpg,Sad
img_000664.jpg,Sad
img_000666.jpg,Sad
img_000667.jpg,Sad
img_000668.jpg,Happy
img_000669.jpg,Sad
img_000671.jpg,Sad
img_000672.jpg,Sad
img_000675.jpg,Angry
img_000677.jpg,Sad
img_000678.jpg,Happy
img_000679.jpg,Sad
img_000680.jpg,Sad
img_000681.jpg,Sad
img_000682.jpg,Sad
img_000686.jpg,Angry
img_000687.jpg,Angry
img_000692.jpg,Sad
img_000693.jpg,Angry
img_000695.jpg,Sad
img_000704.jpg,Angry
img_000705.jpg,Happy
img_000707.jpg,Happy
img_000710.jpg,Angry
img_000718.jpg,Happy
img_000721.jpg,Happy
img_000726.jpg,Angry
img_000728.jpg,Happy
img_000732.jpg,Sad
img_000735.jpg,Sad
img_000736.jpg,Sad
img_000737.jpg,Sad
img_000742.jpg,Happy
img_000744.jpg,Happy
img_000745.jpg,Sad
img_000747.jpg,Sad
img_000749.jpg,Sad
img_000750.jpg,Happy
